NameID,year,Sales,price,FuelEfficiency,HH,size,hppw,share,share0,hppw_own_sum,FuelEfficiency_own_sum,size_own_sum,iv_BLP_own_hppw,iv_BLP_own_FuelEfficiency,iv_BLP_own_size,iv_BLP_other_hppw,iv_BLP_other_FuelEfficiency,iv_BLP_other_size,iv_GH_own_hppw,iv_GH_own_FuelEfficiency,iv_GH_own_size,iv_GH_other_hppw,iv_GH_other_FuelEfficiency,iv_GH_other_size,logit_share
0,2011,4206,2.9980373831775706,19.4,53783435,9.947232,0.10252100840336134,7.820251718768056e-05,0.9389811007794501,0.29906098344895116,49.4,33.139717499999996,0.19653997504558982,30.0,23.192485499999997,15.722896743681806,2464.5,1811.610311865,0.00015442308935109672,43.83999999999992,6.619648953746321,0.21631547936117723,5703.330000000002,1332.3295934361013,-9.393248794888425
0,2012,4502,2.835,19.4,54171475,9.947232,0.10252100840336134,8.310646885653381e-05,0.9197618488328037,0.30998383543140573,49.8,33.179137499999996,0.2074628270280444,30.4,23.231905499999996,16.185120847671307,2659.2999999999997,1891.364785625,0.00034886476408114986,39.20000000000027,6.811799220866192,0.220619825588527,6457.490000000005,1428.5058819125188,-9.311747512476876
0,2013,5071,2.823260869565218,19.4,54594744,9.947232,0.10252100840336134,9.288439927477268e-05,0.9195631909181587,0.31182836771072064,52.7,33.54557325,0.2093073593073593,33.300000000000004,23.598341249999997,15.538474436893932,2762.2000000000003,1857.627278875,0.00030821484322135495,31.36999999999989,7.5913776292595685,0.20162750949406627,6612.259999999995,1400.5591988097513,-9.200298342381247
9,2010,3829,3.757896373056995,10.8,53362801,12.431069999999998,0.09615384615384616,7.175410451186774e-05,0.9249569564386247,0.4926159707301661,64.0,57.015277,0.39646212457631996,53.2,44.584207,16.651015589647702,2505.6,1895.2103783750001,0.0007715949430130709,34.0,17.461027035958978,0.22034075501469097,6483.82,1179.7164935708206,-9.464257423088116
9,2011,5874,3.76570093457944,10.8,53783435,12.431069999999998,0.09615384615384616,0.00010921578363300894,0.9389811007794501,0.4918776635550829,70.0,57.548731000000004,0.39572381740123674,59.2,45.117661000000005,15.530080063575674,2443.9,1787.201298365,0.00041825796752284483,71.19999999999982,15.952540001431089,0.2176812478717034,7359.849999999991,1052.328556804765,-9.059225039392505
9,2012,5438,3.8111538461538466,12.0,54171475,12.472785,0.09554140127388536,0.00010038493506038003,0.9197618488328037,0.49126521867512213,71.2,57.686828000000006,0.39572381740123674,59.2,45.214043000000004,16.003839464427593,2637.9,1866.857095125,0.00043336492801497595,38.559999999999945,15.667371987624847,0.219933592206893,7748.690000000002,1154.6061312505044,-9.122857908751136
9,2013,4363,3.795372670807454,12.0,54594744,12.472785,0.09554140127388536,7.991611793252479e-05,0.9195631909181587,0.5940092967417808,88.0,72.751952,0.4984678954678955,76.0,60.279167,15.256293507862871,2726.9,1818.420900125,0.0006251520418947276,58.88000000000011,19.86573485011604,0.19585510492115832,10138.229999999996,1121.9326570649573,-9.350676485052656
9,2016,5891,3.67,12.0,56950757,12.472785,0.09554140127388536,0.00010344024048705797,0.9300480413280547,0.4731138736944124,81.6,58.588109625,0.37757247242052705,69.6,46.115324625,16.239706179888806,3094.5,1915.811791375,0.000424978442679122,124.62000000000012,12.925707580968947,0.2539606298770072,15571.029999999999,1173.4740241218751,-9.10399746178212
13,2014,16948,1.3595262096774194,25.4,55952365,9.188991875,0.052525252525252523,0.00030290051189078425,0.9188134228106355,0.7405643892002207,226.3,96.1523075,0.6880391366749682,200.9,86.963315625,15.714217063910107,2698.2999999999997,1846.204454,0.007410815131848367,460.64999999999964,44.40814923925109,0.5737681118664095,16241.23000000001,1961.0938780666766,-8.017433950759198
13,2015,50711,1.3486500000000001,25.4,56412140,9.188991875,0.052525252525252523,0.0008989377109253434,0.9279170405519096,0.8010129953928072,257.9,104.322878125,0.7484877428675547,232.49999999999997,95.13388625,15.475311797184514,2761.5,1820.354952125,0.007463463929580388,508.53000000000065,45.04351274016085,0.5709711713566017,14908.73000000001,2056.5184050786556,-6.93948386681271
13,2016,32828,1.35,25.4,56950757,9.188991875,0.052525252525252523,0.0005764278076233473,0.9300480413280547,0.8654989767012184,282.9,114.982670625,0.8129737241759659,257.5,105.79367875,15.847321076882,2893.2,1859.417230375,0.007606522962604653,511.09000000000015,47.37595618741739,0.60821692465863,14761.120000000024,2084.623235142273,-7.3861414145542055
22,2006,142,2.7195000000000005,11.4,51102005,12.882051,0.11133333333333334,2.7787559411807815e-06,0.9152275336359111,0.9430490962244137,215.0,107.16148100000001,0.8317157628910803,203.6,94.27943,15.381258931110022,2199.4,1756.1613767499998,0.014994136385042989,668.4400000000005,227.78303534156885,0.1713349136652882,4637.759999999995,1156.1824309315562,-12.704924659613841
22,2007,130,2.7195000000000005,11.4,51713048,12.882051,0.11133333333333334,2.5138723209662674e-06,0.9201741889203668,0.9551044366984534,214.3,107.324488625,0.8437711033651201,202.9,94.442437625,15.41093702075379,2203.1,1764.9454325000002,0.01400211921382688,641.8900000000003,226.09771486525005,0.17230526123381384,4447.709999999999,1155.7201274831823,-12.810493945213276
22,2008,121,2.680886409736309,11.4,52324877,12.882051,0.11133333333333334,2.3124755744767445e-06,0.9235641012591391,0.9520651230219583,215.3,107.376751875,0.840731789688625,203.9,94.49470087499999,15.42171536604202,2233.2999999999997,1764.894616625,0.014233290553721939,650.3299999999999,225.2510630915208,0.22079231830103652,4401.950000000004,1194.591822435912,-12.897676859469618
22,2009,54,2.82125,11.4,52877802,12.882051,0.11133333333333334,1.021222478196049e-06,0.9291896626111653,0.9528822144762311,214.5,107.348106375,0.8415488811428977,203.1,94.466055375,15.744211173328479,2236.7,1804.839544125,0.014205576003950365,644.5699999999997,225.33263693916115,0.22026862461407282,4493.4100000000035,1106.7153530293872,-13.72106773708061
22,2010,21,2.8417150259067356,11.4,53362801,12.882051,0.11133333333333334,3.9353256587861647e-07,0.9249569564386247,0.8668426852055665,190.4,100.117774125,0.7555093518722331,179.0,87.23572312499999,16.276788875172304,2379.2,1852.10788125,0.013613343352903512,497.4000000000001,194.02913713291446,0.22245926240229652,5201.300000000003,1182.9902525896832,-14.670093936841987
22,2012,187,2.850576923076923,11.4,54171475,12.882051,0.11133333333333334,3.4520012608111557e-06,0.9197618488328037,0.8523858034386812,208.0,100.14281224999999,0.7410524701053478,196.6,87.26076124999999,15.642718879664033,2501.1,1824.401110875,0.014992378149977309,876.6800000000012,193.7934230569217,0.22997637692034933,7816.810000000005,1134.116969530638,-12.492915917088967
22,2013,143,2.8387732919254667,11.4,54594744,12.882051,0.11133333333333334,2.6192997626291645e-06,0.9195631909181587,0.6972489670949483,187.0,90.98603349999999,0.5859156337616149,175.6,78.10398249999999,15.153053837509704,2627.9,1800.186818625,0.012668920857446503,1142.8800000000006,99.63644742023371,0.21897761369391588,10129.549999999996,1195.9835064009167,-12.768747027916358
22,2014,84,2.7643699596774196,11.4,55952365,12.882051,0.11133333333333334,1.5012770237683429e-06,0.9188134228106355,0.7405643892002207,226.3,96.1523075,0.6292310558668874,214.9,83.2702565,15.714217063910107,2698.2999999999997,1846.204454,0.016670563827196838,1645.0500000000002,149.3124989117391,0.23840702445443496,10907.230000000003,1121.8270743282264,-13.324522263662333
22,2015,77,2.742255,11.4,56412140,12.882051,0.11133333333333334,1.3649544229309507e-06,0.9279170405519096,0.8010129953928072,257.9,104.322878125,0.6896796620594738,246.49999999999997,91.440827125,15.475311797184514,2761.5,1820.354952125,0.019249688547779448,2062.5300000000007,171.10872789420773,0.23480057753196792,12889.929999999986,1163.6500800292124,-13.429576573529992
22,2016,51,2.745,11.4,56950757,12.882051,0.11133333333333334,8.955104846104153e-07,0.9300480413280547,0.8654989767012184,282.9,114.982670625,0.7541656433678852,271.5,102.100619625,15.847321076882,2893.2,1859.417230375,0.021444362939526423,2249.8900000000003,176.21634970378636,0.25720065414519366,14884.320000000007,1147.7653026872722,-13.853352870579482
26,2006,7304,1.6403333333333334,14.6,51102005,11.545450125000002,0.09478260869565218,0.00014292981263651006,0.9152275336359111,0.9430490962244137,215.0,107.16148100000001,0.8482664875287615,200.4,95.616030875,15.381258931110022,2199.4,1756.1613767499998,0.005274009808395763,290.84000000000015,122.44946135049895,0.15853754137106746,3291.2000000000044,855.3337317480764,-8.764574294940298
26,2007,2544,1.6403333333333334,14.6,51713048,11.545450125000002,0.09478260869565218,4.919454757337065e-05,0.9201741889203668,0.9551044366984534,214.3,107.324488625,0.8603218280028012,199.70000000000002,95.7790385,15.41093702075379,2203.1,1764.9454325000002,0.004681041878378311,268.7699999999995,121.19989314259374,0.16049027671852567,3077.469999999994,878.3529815027068,-9.836535471208846
26,2008,1564,1.6818864097363087,15.4,52324877,11.47252275,0.0939655172413793,2.989018015274073e-05,0.9235641012591391,0.9520651230219583,215.3,107.376751875,0.858099605780579,199.9,95.904229125,15.42171536604202,2233.2999999999997,1764.894616625,0.004516762314085931,214.32999999999993,116.01067680562528,0.2109396707581075,2937.1500000000087,917.675126495611,-10.338465483961102
26,2009,886,1.6403333333333334,14.6,52877802,11.44387725,0.09478260869565218,1.6755613253364805e-05,0.9291896626111653,0.9528822144762311,214.5,107.348106375,0.858099605780579,199.9,95.904229125,15.744211173328479,2236.7,1804.839544125,0.004810939892334332,270.1700000000001,114.28415689822486,0.21607412935506742,2991.330000000009,910.3846998303197,-10.923334833039801
26,2010,731,1.716416580310881,15.4,53362801,11.47252275,0.0939655172413793,1.3698681221774697e-05,0.9249569564386247,0.8668426852055665,190.4,100.117774125,0.7728771679641873,175.0,88.645251375,16.276788875172304,2379.2,1852.10788125,0.004502152540132476,153.40000000000055,98.65374215485917,0.22091457767869382,3212.5,945.9619188727083,-11.120202914815632
26,2011,697,1.719981308411215,15.4,53783435,11.47252275,0.0939655172413793,1.2959380523017914e-05,0.9389811007794501,0.7410524701053478,192.2,87.26076125,0.6470869528639684,176.79999999999998,75.7882385,15.28090525702541,2321.7000000000003,1757.489268115,0.005077377373821607,301.08000000000084,96.50184208034716,0.21657776316459865,3285.2899999999936,842.3036945951462,-11.190730740390547
26,2012,710,1.721769230769231,15.4,54171475,11.47252275,0.0939655172413793,1.310652885120813e-05,0.9197618488328037,0.8523858034386812,208.0,100.14281224999999,0.758420286197302,192.6,88.6702895,15.642718879664033,2501.1,1824.401110875,0.005379018409625486,391.880000000001,98.48861196789562,0.2171036480959332,4531.210000000006,921.9670638460229,-11.158759563908191
26,2013,509,1.7477329192546585,13.8,54594744,11.47252275,0.0939655172413793,9.323241812435278e-06,0.9195631909181587,0.6972489670949483,187.0,90.98603349999999,0.6032834498535691,173.2,79.51351075,15.153053837509704,2627.9,1800.186818625,0.004797970393025999,789.6000000000004,47.175079111625564,0.19266165275258018,6890.029999999999,949.900602473368,-11.499143641625743
26,2014,393,1.7502641129032261,13.8,55952365,11.47252275,0.0939655172413793,7.023831789773319e-06,0.9188134228106355,0.7405643892002207,226.3,96.1523075,0.6465988719588414,212.5,84.67978475000001,15.714217063910107,2698.2999999999997,1846.204454,0.006738609252244648,1163.6100000000006,77.08668918627859,0.2244522375791358,7450.75,936.8135650845361,-11.781529450636386
26,2015,301,1.7362620000000004,13.8,56412140,11.47252275,0.0939655172413793,5.335730926002807e-06,0.9279170405519096,0.8010129953928072,257.9,104.322878125,0.707047478151428,244.09999999999997,92.850355375,15.475311797184514,2761.5,1820.354952125,0.007851861842891661,1489.8900000000012,87.58775868052862,0.22324404322690405,8948.649999999994,1008.7507436550295,-12.0662717306348
26,2016,125,1.7380000000000002,13.8,56950757,11.47252275,0.0939655172413793,2.1948786387510177e-06,0.9300480413280547,0.8654989767012184,282.9,114.982670625,0.7715334594598391,269.09999999999997,103.510147875,15.847321076882,2893.2,1859.417230375,0.008720904881714842,1617.7299999999996,88.41747810854986,0.24786931930668876,10492.320000000022,999.9993565665718,-12.956864766001507
27,2006,7513,1.0575833333333333,21.0,51102005,9.188011125000001,0.07888888888888888,0.0001470196717330367,0.9152275336359111,0.9430490962244137,215.0,107.16148100000001,0.8641602073355248,194.0,97.973469875,15.381258931110022,2199.4,1756.1613767499998,0.0021276925548641967,272.9200000000001,41.16832869595146,0.22514460430620575,9998.400000000009,1657.1062376083355,-8.736361584845941
27,2007,5387,1.0575833333333333,21.5,51713048,9.200790000000001,0.07888888888888888,0.00010417100148496371,0.9201741889203668,0.9551044366984534,214.3,107.324488625,0.8762155478095645,192.8,98.123698625,15.41093702075379,2203.1,1764.9454325000002,0.0019179330321857924,300.5100000000002,40.764207395549874,0.22804073013606008,10785.459999999992,1712.3863976612956,-9.086284472988325
27,2008,3899,1.0425669371196757,21.5,52324877,9.200790000000001,0.07888888888888888,7.451522532962668e-05,0.9235641012591391,0.9520651230219583,215.3,107.376751875,0.8731762341330694,193.8,98.175961875,15.42171536604202,2233.2999999999997,1764.894616625,0.0019518866846282568,288.75,40.30234494973706,0.2772271820530965,10129.660000000003,1750.8839596163816,-9.424992016083761
27,2009,6091,1.0575833333333333,21.5,52877802,9.200790000000001,0.07888888888888888,0.00011519011323503954,0.9291896626111653,0.9528822144762311,214.5,107.348106375,0.8739933255873422,193.0,98.147316375,15.744211173328479,2236.7,1804.839544125,0.001977192291445079,299.14999999999964,40.17301567342656,0.291458228651289,10484.73000000001,1875.810196374514,-8.995484232808398
27,2010,4457,1.1387564766839378,20.8,53362801,9.303021,0.07582417582417582,8.352260219623779e-05,0.9249569564386247,0.8668426852055665,190.4,100.117774125,0.7910185093813907,169.6,90.814753125,16.276788875172304,2379.2,1852.10788125,0.0020711900535030914,247.3600000000015,37.26675074435161,0.32172631222629144,8598.460000000006,1815.7245128646173,-9.312385201618854
27,2011,1999,1.141121495327103,20.8,53783435,9.303021,0.07582417582417582,3.7167577712356975e-05,0.9389811007794501,0.7410524701053478,192.2,87.26076125,0.665228294281172,171.39999999999998,77.95774025,15.28090525702541,2321.7000000000003,1757.489268115,0.0011626212000635516,180.1200000000017,24.400805328496062,0.3089780833742104,7532.929999999993,1707.1690017345827,-10.13711381665067
27,2012,1731,1.2253846153846155,23.0,54171475,9.303021,0.07582417582417582,3.195408653724123e-05,0.9197618488328037,0.8523858034386812,208.0,100.14281224999999,0.7765616276145054,185.0,90.83979124999999,15.642718879664033,2501.1,1824.401110875,0.002423521467073697,440.52000000000044,37.21026106939644,0.304150260474763,12041.530000000013,1806.7276197755855,-10.267569978767343
27,2013,1363,1.2203105590062113,23.0,54594744,9.303021,0.07582417582417582,2.4965773261982876e-05,0.9195631909181587,0.6972489670949483,187.0,90.98603349999999,0.6214247912707725,164.0,81.68301249999999,15.153053837509704,2627.9,1800.186818625,0.002374118403530065,395.84000000000015,36.310590213803835,0.26502211650285235,11013.469999999987,1774.6678381029851,-10.514148226479733
27,2014,1159,1.2729193548387099,27.6,55952365,9.32857875,0.07582417582417582,2.0714048458898923e-05,0.9188134228106355,0.7405643892002207,226.3,96.1523075,0.6647402133760449,198.70000000000002,86.82372875,15.714217063910107,2698.2999999999997,1846.204454,0.002806144193808341,630.9300000000003,43.413047144678785,0.31101278310917824,22674.910000000003,1851.497198510071,-10.700026219165895
27,2015,1062,1.262736,27.6,56412140,9.32857875,0.07582417582417582,1.8825735027956747e-05,0.9279170405519096,0.8010129953928072,257.9,104.322878125,0.7251888195686315,230.29999999999998,94.994299375,15.475311797184514,2761.5,1820.354952125,0.003032421599698548,656.3700000000008,44.35221162070275,0.3103771031099454,20714.53,1946.3837984477286,-10.805472793581792
27,2016,5307,1.15,28.0,56950757,9.26780625,0.07582417582417582,9.318576748681321e-05,0.9300480413280547,0.8654989767012184,282.9,114.982670625,0.7896748008770427,254.89999999999998,105.71486437499999,15.847321076882,2893.2,1859.417230375,0.00316097625457587,706.090000000002,46.707313649813386,0.339259235523377,21514.360000000015,2019.9073997593223,-9.208396520475914
34,2006,71897,1.129527777777778,19.0,51102005,8.187466875,0.05909090909090909,0.0014069310979089764,0.9152275336359111,2.2249070700830402,325.6,234.986478875,2.165816160992131,306.6,226.79901199999998,14.099400957251396,2088.8,1628.3363788749998,0.07975468365262817,821.159999999998,286.37518905033403,0.3431602475567679,5907.759999999995,2272.0591100408674,-6.477761898993984
34,2007,47041,1.1870833333333335,19.0,51713048,8.187466875,0.05909090909090909,0.0009096543680813399,0.9201741889203668,2.1606430895495436,290.6,229.2872715,2.1015521804586346,271.6,221.099804625,14.205398367902701,2126.8,1642.982649625,0.07985786940111284,689.3199999999979,305.820747286562,0.34739590332820525,5777.39999999998,2334.471411251241,-6.919253554818908
34,2008,42339,1.1702281947261666,19.0,52324877,8.187466875,0.05909090909090909,0.0008091562260146354,0.9235641012591391,2.1465147188067903,293.7,232.22522075,2.0874238097158813,274.7,224.037753875,14.227265770257189,2154.9,1640.04614775,0.07940631518161503,686.7299999999996,326.4189776145722,0.39737429750019215,5268.430000000008,2351.9118137496152,-7.040003478984243
34,2009,43660,1.2086666666666668,18.4,52877802,8.237543125,0.058426966292134834,0.0008256772851488797,0.9291896626111653,2.1000748564477694,277.4,224.13728550000002,2.0416478901556347,259.0,215.89974237500002,14.597018531356941,2173.7999999999997,1688.050365,0.08337242135022072,685.460000000001,324.48861597013183,0.42695436217306204,4763.3200000000215,2486.940452207611,-7.025864153540948
34,2010,38376,1.2174341968911917,18.6,53362801,8.237543125,0.058426966292134834,0.0007191526546741802,0.9249569564386247,2.0831702186415564,282.8,222.00566675,2.0247432523494218,264.2,213.768123625,15.060461341736314,2286.7999999999997,1730.219988625,0.08167690826842738,682.340000000002,316.68435792476475,0.44157210242012024,4734.12000000001,2519.2692829680236,-7.15942883138351
34,2011,18104,1.2199626168224298,18.6,53783435,8.237543125,0.058426966292134834,0.00033660921806128596,0.9389811007794501,1.859281060867501,275.0,212.7070855,1.8008540945753662,256.4,204.469542375,14.162676666263257,2238.9,1632.042943865,0.059618628611958435,618.1800000000021,315.55855602206066,0.434301547456986,4287.229999999981,2356.838654996038,-7.933627963837698
34,2012,7738,1.2212307692307691,18.6,54171475,8.237543125,0.058426966292134834,0.00014284270457837818,0.9197618488328037,1.7937672265136324,293.8,205.78095675,1.7353402602214976,275.2,197.543413625,14.701337456589082,2415.2999999999997,1718.762966375,0.05660890749920908,677.7800000000007,288.00540333632716,0.43385805265708854,5076.670000000013,2535.9735572549944,-8.770125998683094
34,2013,128,1.2161739130434783,18.6,54594744,8.237543125,0.058426966292134834,2.344548039276455e-06,0.9195631909181587,1.3422406644356022,302.1,177.277028625,1.2838136981434674,283.5,169.0394855,14.50806214016905,2512.8,1713.8958235,0.016842860112043362,605.369999999999,240.0013628818474,0.41901783198297116,5556.499999999985,2535.9731185207856,-12.879561394256648
40,2006,11393,2.093583333333333,13.8,51102005,11.90508,0.11313868613138686,0.00022294624252022988,0.9152275336359111,2.2249070700830402,325.6,234.986478875,2.1117683839516532,311.8,223.081398875,14.099400957251396,2088.8,1628.3363788749998,0.034733283142640736,625.6400000000012,107.82018844459526,0.159519942651003,3070.6399999999994,921.279222713114,-8.319997306516987
40,2007,6929,2.093583333333333,13.8,51713048,11.90508,0.11313868613138686,0.00013398939470750206,0.9201741889203668,2.1606430895495436,290.6,229.2872715,2.0475044034181566,276.8,217.3821915,14.205398367902701,2126.8,1642.982649625,0.032474492711994984,300.3600000000006,94.94432698243872,0.16160637634928676,3164.919999999991,949.4895031556589,-8.834557614041477
40,2008,3435,2.0638569979716026,13.8,52324877,11.90508,0.11313868613138686,6.56475503994018e-05,0.9235641012591391,2.1465147188067903,293.7,232.22522075,2.0333760326754033,279.9,220.32014075,14.227265770257189,2154.9,1640.04614775,0.03355015255619631,330.0100000000011,93.69823992568217,0.2092210015474545,2948.189999999995,988.7634614782073,-9.55169520040991
40,2009,5106,2.980555555555556,11.2,52877802,12.532608,0.13642384105960265,9.656225877164864e-05,0.9291896626111653,2.1000748564477694,277.4,224.13728550000002,1.9636510153881668,266.2,211.6046775,14.597018531356941,2173.7999999999997,1688.050365,0.04453119655660731,630.7400000000016,94.09403607549393,0.3839805502807119,4737.400000000016,1100.1133345008566,-9.171880185843454
40,2010,2067,3.002176165803109,11.2,53362801,12.532608,0.13642384105960265,3.873484827005239e-05,0.9249569564386247,2.0831702186415564,282.8,222.00566675,1.9467463775819538,271.6,209.47305874999998,15.060461341736314,2286.7999999999997,1730.219988625,0.04547270131073522,677.8999999999996,104.60065967015908,0.3870951249190986,5280.240000000005,1127.036212995561,-10.080762814883641
40,2011,3192,2.5913831775700937,13.2,53783435,12.532608,0.10684931506849316,5.934912859321834e-05,0.9389811007794501,1.859281060867501,275.0,212.7070855,1.752431745799008,261.8,200.1744775,14.162676666263257,2238.9,1632.042943865,0.02361229993582059,497.22000000000025,94.1417306504436,0.19915674432735164,4083.1099999999933,1005.0768190746676,-9.66911319258137
40,2012,2267,2.5940769230769236,13.2,54171475,12.532608,0.10684931506849316,4.184859282491385e-05,0.9197618488328037,1.7937672265136324,293.8,205.78095675,1.6869179114451391,280.6,193.24834875,14.701337456589082,2415.2999999999997,1718.762966375,0.02694724629659051,759.8599999999988,126.08492259241575,0.2025682683883696,5575.630000000012,1063.7395018678144,-9.997811883436023
40,2013,11394,2.583335403726709,13.2,54594744,12.532608,0.10684931506849316,0.00020870140905871818,0.9195631909181587,1.3422406644356022,302.1,177.277028625,1.235391349367109,288.90000000000003,164.744420625,14.50806214016905,2512.8,1713.8958235,0.014903020769881814,1120.5299999999997,144.5150300255009,0.19844267153685147,7280.180000000008,1016.3393053962136,-8.390749478135925
40,2014,7587,2.5156270161290326,13.2,55952365,12.532608,0.10684931506849316,0.00013559748546821925,0.9188134228106355,1.39483064729601,306.5,181.24093625,1.2879813322275169,293.3,168.70832825,15.059950805814319,2618.1,1761.11582525,0.012575666082720927,1209.7300000000005,126.17711286926988,0.22668706161397756,8208.75,1019.3256356039055,-8.821147527167572
40,2015,3108,2.4955020000000006,13.2,56412140,12.532608,0.10684931506849316,5.509452398012201e-05,0.9279170405519096,1.8747173142302824,402.6,220.396362,1.7678679991617892,389.40000000000003,207.863754,14.401607478347037,2616.8,1704.28146825,0.016245285010908217,1533.3999999999996,161.80670521187585,0.222346384594291,9855.419999999998,1052.721669769031,-9.731647283896137
40,2016,4270,3.85,31.6,56950757,13.402186250000002,0.09177215189873418,7.497705429973476e-05,0.9300480413280547,1.8516996228761784,376.6,202.791238375,1.7599274709774442,345.0,189.389052125,14.86112043070704,2799.5,1771.608662625,0.02918680695375009,2638.5200000000004,191.9788383023415,0.2318690520941029,32974.649999999994,1388.5523967873814,-9.425809397081137
41,2006,3171,2.91375,11.4,51102005,12.7241205,0.16233766233766234,6.20523597851004e-05,0.9152275336359111,2.2249070700830402,325.6,234.986478875,2.062569407745378,314.20000000000005,222.262358375,14.099400957251396,2088.8,1628.3363788749998,0.10042322372639001,918.4399999999996,146.5118686770811,0.7238219793896432,4387.760000000002,1158.745366534502,-9.598949442676755
41,2007,1646,2.91375,11.4,51713048,12.7241205,0.16233766233766234,3.1829491079311354e-05,0.9201741889203668,2.1606430895495436,290.6,229.2872715,1.9983054272118812,279.20000000000005,216.563151,14.205398367902701,2126.8,1642.982649625,0.09093472308039996,485.6399999999985,122.7994578388525,0.7290316392325265,4603.959999999992,1183.1361818327277,-10.271925014431844
41,2008,5779,3.3435091277890474,9.8,52324877,13.443592500000001,0.175,0.00011044459789174469,0.9235641012591391,2.1465147188067903,293.7,232.22522075,1.9715147188067903,283.9,218.78162825,14.227265770257189,2154.9,1640.04614775,0.12447046507805737,791.6100000000006,159.1204200405382,1.0335587615025545,6499.389999999992,1597.1916411479178,-9.03148146874858
41,2009,1334,3.391666666666667,9.8,52877802,13.443592500000001,0.175,2.522797751691721e-05,0.9291896626111653,2.1000748564477694,277.4,224.13728550000002,1.9250748564477693,267.59999999999997,210.69369300000002,14.597018531356941,2173.7999999999997,1688.050365,0.11076272987882596,848.8600000000006,135.33725461379618,1.0237764682476191,6502.2400000000125,1503.1335546178234,-10.514114557169314
41,2010,1076,3.809658031088083,9.6,53362801,13.49802,0.175,2.016385908978054e-05,0.9249569564386247,2.0831702186415564,282.8,222.00566675,1.9081702186415563,273.2,208.50764675,15.060461341736314,2286.7999999999997,1730.219988625,0.11300846662263841,950.5400000000009,153.42212230924088,1.0391894982222238,7572.720000000008,1580.9583101278258,-10.73361063384368
41,2011,989,3.817570093457944,9.6,53783435,13.49802,0.175,1.838856145949027e-05,0.9389811007794501,1.859281060867501,275.0,212.7070855,1.684281060867501,265.4,199.2090655,14.162676666263257,2238.9,1632.042943865,0.11593777402831273,999.7800000000016,135.78683649423965,0.9963323032426601,8547.830000000002,1422.3889847299943,-10.840821819528358
41,2012,627,3.821538461538462,9.6,54171475,13.49802,0.175,1.1574357168602111e-05,0.9197618488328037,1.7937672265136324,293.8,205.78095675,1.6187672265136324,284.2,192.28293675,14.701337456589082,2415.2999999999997,1718.762966375,0.12820234575649336,1397.7800000000007,181.10316405380127,1.0607811907765319,10735.87000000001,1489.5225312514376,-11.283077993310632
44,2006,7991,2.072,13.0,51102005,12.383435750000002,0.10833333333333334,0.0001563735121547579,0.9152275336359111,2.2249070700830402,325.6,234.986478875,2.116573736749707,312.6,222.603043125,14.099400957251396,2088.8,1628.3363788749998,0.03376693501497341,696.3599999999988,126.99549628791465,0.14177296319936472,3325.3600000000006,1036.5024513638928,-8.67468052984064
44,2007,3836,2.050416666666667,13.0,51713048,12.383435750000002,0.10909090909090909,7.417857094789695e-05,0.9201741889203668,2.1606430895495436,290.6,229.2872715,2.0515521804586347,277.6,216.90383575,14.205398367902701,2126.8,1642.982649625,0.03197537862797656,336.5199999999995,107.9535808943283,0.14617424835611637,3458.9999999999927,1062.3190273157743,-9.425842959665529
44,2008,1595,2.0213032454361057,13.0,52324877,12.383435750000002,0.10909090909090909,3.0482632572647997e-05,0.9235641012591391,2.1465147188067903,293.7,232.22522075,2.0374238097158814,280.7,219.84178500000002,14.227265770257189,2154.9,1640.04614775,0.03293666148275409,371.1300000000001,103.89672400367908,0.1939659022926552,3287.229999999996,1104.402370751901,-10.318838389847414
44,2009,488,2.050416666666667,13.0,52877802,12.383435750000002,0.10909090909090909,9.228825358512443e-06,0.9291896626111653,2.1000748564477694,277.4,224.13728550000002,1.9909839473568602,264.4,211.75384975000003,14.597018531356941,2173.7999999999997,1688.050365,0.03183148161718896,459.7400000000007,90.34529861091505,0.19547539862070362,3315.040000000008,1057.3668774505568,-11.519736377791736
62,2006,9143,5.365,10.0,51102005,12.526605000000002,0.19207317073170732,0.0001789166589451823,0.9152275336359111,0.6883889943682507,39.6,49.301213125000004,0.4963158236365434,29.6,36.774608125,15.635919032966184,2374.8,1814.021644625,0.004050630218402351,5.740000000000009,3.999711468112878,1.5882381159264014,7117.380000000005,1214.4052196015837,-8.540007879050675
62,2007,5089,5.529444444444445,10.0,51713048,12.578475000000001,0.19090909090909092,9.840843262613335e-05,0.9201741889203668,0.6872249145456343,39.6,49.353083125,0.49631582363654336,29.6,36.774608125,15.67881654290661,2377.8,1822.916838,0.003868666920695263,5.740000000000009,4.091315120025342,1.5462014488439397,6909.18,1239.1601886182616,-9.143191769080026
62,2008,5383,5.491460446247466,10.0,52324877,12.578475000000001,0.19090909090909092,0.00010287649601163897,0.9235641012591391,0.9375207725338,47.8,61.346680125,0.746611681624709,37.8,48.768205124999994,15.436259716530179,2400.7999999999997,1810.9246883750002,0.0073954550247995465,8.980000000000018,4.421867630913766,1.5901612105401393,6955.980000000003,1276.8555580629836,-9.102466286505402
62,2009,1777,5.673333333333334,10.0,52877802,12.578475000000001,0.19090909090909092,3.3605784143599615e-05,0.9291896626111653,1.178716807488802,77.3,89.250834375,0.987807716579711,67.3,76.672359375,15.518376580315907,2373.8999999999996,1822.936816125,0.018980399284684424,105.11000000000013,11.48410837948677,1.550620290221529,6922.87000000001,1198.50446756342,-10.227369955490232
62,2010,1536,5.714487046632124,10.0,53362801,12.578475000000001,0.19090909090909092,2.878409624712166e-05,0.9249569564386247,1.178716807488802,77.6,89.250834375,0.987807716579711,67.6,76.672359375,15.964914752889067,2492.0,1862.974821,0.018980399284684424,107.07999999999993,11.48410837948677,1.5773561481431964,7693.299999999996,1236.8682034894373,-10.377679460857792
62,2011,642,5.726355140186916,10.0,53783435,12.578475000000001,0.19090909090909092,1.1936760826079628e-05,0.9389811007794501,1.0895363976936996,99.3,89.09230625,0.8986273067846087,89.3,76.51383125,14.932421329437059,2414.6,1755.657723115,0.032282505614191936,521.5500000000002,11.941700109539852,1.5016029662893988,8269.339999999997,1102.3337574555626,-11.27292784746111
62,2012,11414,5.296153846153846,10.8,54171475,12.98442,0.13109756097560976,0.00021070129620801354,0.9197618488328037,1.0325366650748091,98.8,89.5806575,0.9014391040991994,88.0,76.5962375,15.462568018027904,2610.2999999999997,1834.963265625,0.024690835304002706,483.05999999999995,12.24121802926038,0.36842562878759644,9236.910000000003,1363.8453373819648,-8.3814285828469
62,2013,5424,5.315590062111802,10.8,54594744,12.98442,0.13109756097560976,9.935022316433978e-05,0.9195631909181587,1.031669939282662,99.0,89.8288605,0.9005723783070523,88.2,76.8444405,14.818632865321991,2715.9,1801.343991625,0.0246814542951595,496.78,11.636350965799693,0.3662264333511529,11969.050000000003,1331.0483177040223,-9.133002828556034
62,2014,4794,5.333370967741936,10.8,55952365,12.98442,0.13109756097560976,8.568002442792186e-05,0.9188134228106355,1.5385943086899945,143.2,128.10783725,1.4074967477143847,132.39999999999998,115.12341724999999,14.916187144420334,2781.4,1814.24892425,0.04375869770169677,661.3000000000006,14.14137213974118,0.3610605145948895,13176.060000000012,1301.5273990206697,-9.280218647511317
62,2015,2992,5.511483000000001,10.8,56412140,13.064736000000002,0.13109756097560976,5.3038229005316944e-05,0.9279170405519096,1.6797055038305235,154.1,149.15423975,1.5486079428549138,143.29999999999998,136.08950374999998,14.596619288746796,2865.3,1775.5235905,0.04648136010690279,682.4900000000007,53.562515894902845,0.354781727348624,15695.449999999983,1360.0914024007434,-9.769684656289307
62,2016,5752,5.77,13.2,56950757,13.064736000000002,0.1484848484848485,0.00010099953544076684,0.9300480413280547,1.696164971904785,156.7,149.19306425,1.5476801234199367,143.5,136.12832824999998,15.016655081678433,3019.4,1825.20683675,0.04123673274470496,570.5300000000007,53.48712615079421,0.6268911204688123,12613.040000000008,1350.183038754949,-9.127875603902925
85,2007,5048,3.145,9.1,51713048,14.396382,0.14512195121951219,9.761559597105937e-05,0.9201741889203668,1.3882117564075847,220.7,146.14696087500002,1.2430898051880725,211.6,131.75057887500003,14.977829701044659,2196.7000000000003,1726.12296025,0.04349870839948056,844.21,296.56220003940416,0.46660631623454485,7585.679999999993,2230.698037803042,-9.151280991447809
85,2008,1332,3.1003448275862073,9.1,52324877,14.396382,0.14512195121951219,2.5456342687628296e-05,0.9235641012591391,1.4809020596071454,232.5,161.789365,1.3357801083876333,223.4,147.39298300000002,14.892878429456832,2216.1,1710.4820035,0.04632065752732195,839.8999999999996,294.81538516400633,0.5119796131499443,7696.190000000002,2270.4655122477707,-10.499030553966024
85,2009,573,3.0319444444444446,9.0,52877802,14.44252425,0.14337349397590363,1.083630518530252e-05,0.9291896626111653,1.4047505745722497,210.2,154.844396625,1.261377080596346,201.2,140.401872375,15.29234281323246,2241.0,1757.343253875,0.038593617335006325,714.7599999999998,249.1342108251306,0.4806261866465569,8061.620000000003,2193.1970356815655,-11.359166066930143
85,2010,642,3.053937823834197,9.0,53362801,14.44252425,0.14337349397590363,1.2030852728289132e-05,0.9249569564386247,1.4068211542405518,205.6,155.113050875,1.263447660264648,196.6,140.670526625,15.736810406137318,2364.0,1797.1126045,0.03843996232783181,666.48,246.4494231635831,0.4864073278813299,9043.099999999999,2286.4538268965043,-11.250028070875448
85,2011,568,3.060280373831776,9.0,53783435,14.44252425,0.14337349397590363,1.0560872506562661e-05,0.9389811007794501,1.4068211542405518,202.8,155.15055275,1.263447660264648,193.8,140.7080285,14.615136572890206,2311.1,1689.599476615,0.03843996232783181,607.1199999999999,246.09609642156693,0.47622060407033473,10171.570000000007,2049.7252855870174,-11.395394732429919
85,2012,33,3.0634615384615387,9.0,54171475,14.44252425,0.14337349397590363,6.091766930843216e-07,0.9197618488328037,1.6374537507486693,272.4,187.021627125,1.4940802567727656,263.4,172.57910287500002,14.857650932354044,2436.7,1737.522296,0.05294051006857037,1238.6000000000004,315.38431132189635,0.4978781971223176,12282.25,2126.885340747016,-14.227516972477073
86,2006,28419,2.446111111111111,12.2,51102005,15.149835000000003,0.09476744186046511,0.0005561229936085679,0.9152275336359111,1.5866802565603162,257.9,182.41258150000002,1.491912814699851,245.7,167.26274650000002,14.73762777077412,2156.5,1680.91027625,0.013594570268765205,423.8900000000003,443.4874000247373,0.1502378028173652,4134.469999999994,2978.3438614718907,-7.405938502671458
86,2007,20532,2.446111111111111,12.2,51713048,15.149835000000003,0.09476744186046511,0.0003970371268775339,0.9201741889203668,1.3882117564075847,220.7,146.14696087500002,1.2934443145471195,208.5,130.99712587500002,14.977829701044659,2196.7000000000003,1726.12296025,0.014190974514464633,400.28999999999905,387.9960695373161,0.1510024319172203,3936.669999999991,2991.1075536970166,-7.748288471988665
86,2008,13446,2.5329614604462476,12.2,52324877,15.149835000000003,0.09421965317919075,0.0002569714592926802,0.9235641012591391,1.4809020596071454,232.5,161.789365,1.3866824064279546,220.3,146.63953,14.892878429456832,2216.1,1710.4820035,0.014337728332347255,388.85000000000036,384.93930786883175,0.20068743405619394,3860.8699999999953,3032.182793876753,-8.187030462037377
86,2009,7033,2.5694444444444446,12.2,52877802,15.149835000000003,0.09421965317919075,0.0001330047720213484,0.9291896626111653,1.4047505745722497,210.2,154.844396625,1.310530921393059,198.0,139.694561625,15.29234281323246,2241.0,1757.343253875,0.013190769323116108,319.2399999999989,323.1219116202956,0.2088313638403001,4030.9000000000087,2888.7325458088453,-8.851683147336864
86,2010,6239,2.5880829015544045,12.2,53362801,15.149835000000003,0.09421965317919075,0.00011691665135793752,0.9249569564386247,1.4068211542405518,205.6,155.113050875,1.312601501061361,193.4,139.963215875,15.736810406137318,2364.0,1797.1126045,0.013240668202686934,300.3999999999987,320.05707988063114,0.21159262075835494,4496.540000000001,3009.4547338501725,-8.976041182454624
86,2011,4910,2.593457943925234,12.2,53783435,15.149835000000003,0.09421965317919075,9.129204930849062e-05,0.9389811007794501,1.4068211542405518,202.8,155.15055275,1.312601501061361,190.60000000000002,140.00071775,14.615136572890206,2311.1,1689.599476615,0.013240668202686934,258.9599999999991,319.6507021799489,0.2079229001933398,5285.169999999998,2715.506636625185,-9.238486930362505
86,2012,3016,2.5961538461538463,12.2,54171475,15.149835000000003,0.09421965317919075,5.5675057767948904e-05,0.9197618488328037,1.6374537507486693,272.4,187.021627125,1.5432340975694785,260.2,171.871792125,14.857650932354044,2436.7,1737.522296,0.01537832461705596,648.5200000000004,406.64639148746573,0.20670705475872175,6863.370000000003,2808.598016404103,-9.712337804815705
86,2013,1563,2.5854037267080745,12.2,54594744,15.149835000000003,0.09421965317919075,2.8629129573352336e-05,0.9195631909181587,1.4959745066823074,280.0,172.765279875,1.4017548535031166,267.8,157.615444875,14.354328297922345,2534.9,1718.40757225,0.012696178718100137,940.9599999999991,404.9243264814586,0.18455041811361284,8923.949999999997,2738.675616715147,-10.377229327754788
86,2014,633,2.796595766129032,11.0,55952365,15.149835000000003,0.09367816091954023,1.1313194714825728e-05,0.9188134228106355,1.336500897271999,278.6,162.18837200000002,1.2428227363524587,267.6,147.03853700000002,15.118280555838329,2646.0,1780.1683894999999,0.008585722820688702,1404.9599999999991,383.8992788230553,0.22305715523291836,11990.680000000008,2693.782969998101,-11.304868640361471
86,2015,429,2.774223,11.0,56412140,15.149835000000003,0.09367816091954023,7.6047460706152964e-06,0.9279170405519096,1.340641486590197,315.8,164.939078,1.2469633256706567,304.8,149.789243,14.935683305987123,2703.6,1759.7387522499998,0.005484390093400626,2413.3599999999988,358.514424237962,0.22606882609380996,13476.220000000001,2735.830528997096,-11.711925076455659
86,2016,186,2.7769999999999997,11.0,56950757,15.149835000000003,0.09367816091954023,3.2659794144615146e-06,0.9300480413280547,1.2338794098364074,305.8,155.20257425,1.1402012489168671,294.8,140.05273925,15.47894064374681,2870.2999999999997,1819.19732675,0.005406450314762945,2517.3199999999997,329.22626817370383,0.2516762619477704,15643.530000000013,2783.10474678404,-12.559431829590606
87,2006,5336,2.6013055555555558,9.0,51102005,10.518933,0.15789473684210525,0.00010441860353620176,0.9152275336359111,1.5866802565603162,257.9,182.41258150000002,1.4287855197182109,248.89999999999998,171.8936485,14.73762777077412,2156.5,1680.91027625,0.08441686313014779,921.1700000000001,112.17464284325206,0.6501268746646591,7895.75,953.9121195123225,-9.078520129619642
87,2007,4187,2.6331666666666664,9.0,51713048,10.518933,0.15671641791044777,8.096602621450586e-05,0.9201741889203668,1.3882117564075847,220.7,146.14696087500002,1.2314953384971368,211.7,135.62802787500002,14.977829701044659,2196.7000000000003,1726.12296025,0.06030272729714575,863.0099999999998,77.40688939493066,0.6477343135474785,7751.709999999992,1028.8181820531681,-9.338288629649716
87,2008,3281,2.6342799188640975,9.0,52324877,10.601946,0.15808823529411764,6.270439966824957e-05,0.9235641012591391,1.4809020596071454,232.5,161.789365,1.3228138243130276,223.5,151.187419,14.892878429456832,2216.1,1710.4820035,0.06688970513400033,859.25,99.79583156516719,0.7154954402376159,7867.9100000000035,1022.9111396616208,-9.597563872105257
87,2009,1515,2.703055555555556,9.0,52877802,10.601946,0.15808823529411764,2.8650963971611378e-05,0.9291896626111653,1.4047505745722497,210.2,154.844396625,1.246662339278132,201.2,144.242450625,15.29234281323246,2241.0,1757.343253875,0.05935557378181755,714.7599999999998,91.9247863009191,0.7048420166138012,8061.620000000003,1071.4679387265205,-10.386881065701413
87,2010,964,2.722663212435233,9.0,53362801,10.601946,0.15808823529411764,1.8065018738427917e-05,0.9249569564386247,1.4068211542405518,205.6,155.113050875,1.248732918946434,196.6,144.511104875,15.736810406137318,2364.0,1797.1126045,0.059140982686247456,666.48,91.30357397801072,0.715286431994925,9043.099999999999,1085.4583450957653,-10.843525079954864
87,2011,938,2.728317757009346,9.0,53783435,10.601946,0.15808823529411764,1.7440314104147493e-05,0.9389811007794501,1.4068211542405518,202.8,155.15055275,1.248732918946434,193.8,144.54860675,14.615136572890206,2311.1,1689.599476615,0.059140982686247456,607.1199999999999,91.23830500691292,0.6937506751477125,10171.570000000007,984.7571199463055,-10.893766202144846
87,2012,1848,2.7311538461538465,9.0,54171475,10.601946,0.15808823529411764,3.411389481272201e-05,0.9197618488328037,1.6374537507486693,272.4,187.021627125,1.4793655154545515,263.4,176.419681125,14.857650932354044,2436.7,1737.522296,0.0801619265233055,1238.6000000000004,116.77748682999163,0.7260149215229692,12282.25,1045.2788598240368,-10.202165281741923
87,2013,289,2.7198447204968947,9.0,54594744,10.601946,0.15808823529411764,5.2935498699288705e-06,0.9195631909181587,1.4959745066823074,280.0,172.765279875,1.3378862713881898,271.0,162.163333875,14.354328297922345,2534.9,1718.40757225,0.07943739096556873,1647.5199999999995,102.4990936873819,0.7359221967064631,15106.989999999998,1035.7256594543796,-12.065164970063833
97,2006,12864,1.6033333333333335,18.4,51102005,10.30856625,0.10272727272727272,0.00025173180582640543,0.9152275336359111,1.5866802565603162,257.9,182.41258150000002,1.4839529838330434,239.49999999999997,172.10401525,14.73762777077412,2156.5,1680.91027625,0.015059574233435347,451.1700000000001,114.43770012833329,0.14827938368131877,5472.429999999993,1012.6782107031613,-8.198563725796355
97,2007,13850,1.6033333333333335,18.4,51713048,10.30856625,0.10272727272727272,0.0002678240895798677,0.9201741889203668,1.3882117564075847,220.7,146.14696087500002,1.2854844836803119,202.29999999999998,135.838394625,14.977829701044659,2196.7000000000003,1726.12296025,0.014099456290723733,319.6899999999996,77.55602516833324,0.1499361528791261,5345.309999999998,1093.4625240441674,-8.141987884053373
97,2008,11912,1.5805679513184585,18.4,52324877,10.30856625,0.10272727272727272,0.00022765462019146265,0.9235641012591391,1.4809020596071454,232.5,161.789365,1.3781747868798726,214.1,151.48079875,14.892878429456832,2216.1,1710.4820035,0.014273068461777283,351.64999999999964,102.7064656337302,0.198613974265355,4839.229999999996,1106.3445763527416,-8.308165830702514
97,2009,10163,1.6033333333333335,18.4,52877802,10.30856625,0.10272727272727272,0.00019219785270197122,0.9291896626111653,1.4047505745722497,210.2,154.844396625,1.302023301844977,191.79999999999998,144.535830375,15.29234281323246,2241.0,1757.343253875,0.012746295661166362,368.83999999999924,96.89511505452901,0.20331202108267066,5079.940000000002,1170.128217544494,-8.483542830507117
97,2010,10610,1.6046113989637305,16.4,53362801,10.30856625,0.10272727272727272,0.0001988276439986724,0.9249569564386247,1.4068211542405518,205.6,155.113050875,1.304093881513279,189.2,144.804484625,15.736810406137318,2364.0,1797.1126045,0.012760963132613323,255.03999999999996,96.43153816502354,0.20521275370405867,3377.659999999989,1182.9147847766799,-8.445064142957381
97,2011,7575,1.6079439252336452,16.4,53783435,10.30856625,0.10272727272727272,0.0001408426218965003,0.9389811007794501,1.4068211542405518,202.8,155.15055275,1.304093881513279,186.4,144.8419865,14.615136572890206,2311.1,1689.599476615,0.012760963132613323,237.11999999999898,96.38827377534972,0.20387308643188895,3409.4500000000116,1080.476419028746,-8.8049075207735
97,2012,6217,1.609615384615385,16.4,54171475,10.30856625,0.10272727272727272,0.0001147651969971281,0.9197618488328037,1.6374537507486693,272.4,187.021627125,1.5347264780213965,255.99999999999997,176.713060875,14.857650932354044,2436.7,1737.522296,0.016000999324357112,402.4000000000033,122.22394869433492,0.20523299925384642,4413.090000000026,1144.5784450223,-8.988981779674216
97,2013,4227,1.6132919254658387,16.4,54594744,10.30856625,0.10272727272727272,7.742503564079355e-05,0.9195631909181587,1.4959745066823074,280.0,172.765279875,1.3932472339550346,263.6,162.456713625,14.354328297922345,2534.9,1718.40757225,0.01405060707355843,510.8799999999992,105.71522922376698,0.188289418542551,5408.549999999988,1136.0789406150143,-9.382343857609476
97,2014,2374,1.6163256048387098,16.4,55952365,10.30856625,0.10272727272727272,4.242894826697674e-05,0.9188134228106355,1.336500897271999,278.6,162.18837200000002,1.2337736245447262,262.20000000000005,151.87980575,15.118280555838329,2646.0,1780.1683894999999,0.011056851650333432,615.4799999999996,105.52983682821741,0.2195919318168813,5903.8000000000175,1196.1838733653858,-9.983007487336033
97,2015,998,1.6033950000000001,16.4,56412140,10.30856625,0.10272727272727272,1.7691227455650503e-05,0.9279170405519096,1.340641486590197,315.8,164.939078,1.2379142138629242,299.40000000000003,154.63051174999998,14.935683305987123,2703.6,1759.7387522499998,0.007880581611664772,1222.119999999999,106.77879623959825,0.2223536990797168,6471.340000000011,1286.922628373024,-10.867628719072211
111,2012,2453,2.922230769230769,8.4,54171475,15.210468749999999,0.09175257731958762,4.528213418593457e-05,0.9197618488328037,0.28520495827196857,37.4,44.99433625,0.19345238095238093,29.0,29.783867500000007,16.209899724830745,2671.7,1879.549586875,0.00016019502754515552,78.91999999999996,1.5320760088281986,0.22669366420869697,14949.37000000001,3287.7511659579395,-9.918957489685063
111,2013,1951,2.910130434782609,8.4,54594744,15.210468749999999,0.09175257731958762,3.573604081740909e-05,0.9195631909181587,0.3449610558329442,60.6,53.10668875,0.25320847851335654,52.2,37.89622000000001,15.505341748771707,2754.3,1838.0661633749999,0.0011839697444884223,297.96000000000004,51.915330307342174,0.19902597945161027,18122.26999999999,3164.2476961144566,-10.155494317553154
111,2014,2018,2.941611895161291,8.4,55952365,15.210468749999999,0.09175257731958762,3.6066393261482335e-05,0.9188134228106355,0.44792401879590715,76.0,65.462365,0.3561714414763195,67.6,50.25189625000001,16.006857434314423,2848.6,1876.8943964999999,0.0013096424907616117,346.96000000000004,60.346587267480345,0.2340739313004505,19833.120000000003,3089.214377251228,-10.145476861592092
111,2015,1780,2.9240730000000004,8.4,56412140,15.210468749999999,0.09081632653061225,3.155349185476743e-05,0.9279170405519096,0.4434524997089541,76.4,65.58399700000001,0.35263617317834184,68.0,50.373528250000014,15.832872292868366,2943.0,1859.09383325,0.0012708502633587554,358.96000000000004,60.10460557284023,0.2363238676132089,22908.9,3104.5812250201125,-10.289013352097545
111,2016,1156,2.927,8.4,56950757,15.210468749999999,0.09081632653061225,2.0298237651169412e-05,0.9300480413280547,0.5392419733931646,104.2,76.10416575,0.4484256468625524,95.8,60.89369700000001,16.173578080190055,3071.9,1898.29573525,0.0012955824559701123,735.3200000000002,82.1035196628402,0.26221501511801204,25416.890000000007,3101.9021377081444,-10.732457454071485
136,2006,12494,2.5468333333333337,11.0,51102005,14.755545000000003,0.09588235294117647,0.0002444913854162865,0.9152275336359111,2.5453950632826707,310.9,295.79970525,2.4495127103414944,299.9,281.04416025,13.778912964051765,2103.5,1567.5231525,0.026474256739201008,498.65000000000055,285.27135819981595,0.13602981138303827,5260.6700000000055,2660.3593162283214,-8.227747909161588
136,2007,8174,2.52525,11.0,51713048,14.755545000000003,0.09588235294117647,0.0001580645565506021,0.9201741889203668,2.7502627461436537,357.2,330.201509875,2.6543803932024774,346.2,315.445964875,13.61577871130859,2060.2000000000003,1542.06841125,0.03313205103659089,651.2600000000002,367.58789240884835,0.1306399923038537,4893.859999999986,2542.3706189932345,-8.669314731544636
136,2008,3700,2.600844827586207,11.0,52324877,14.755545000000003,0.09532163742690059,7.071206302118972e-05,0.9235641012591391,2.8571570957147023,362.6,321.905370125,2.761835458287802,351.6,307.149825125,13.516623393349276,2086.0,1550.3659983750001,0.06475274108360773,635.5599999999995,391.5975789865879,0.14864892518497275,4897.199999999997,2556.3805522977273,-9.477379306434043
136,2009,1040,2.6383055555555557,11.0,52877802,14.755545000000003,0.09532163742690059,1.9667988468960946e-05,0.9291896626111653,3.052069881931056,391.9,348.35487125000003,2.9567482445041557,380.9,333.59932625000005,13.645023505873654,2059.2999999999997,1563.83277925,0.06975296569132716,653.25,397.4088186192985,0.1501419714256791,4958.330000000009,2364.9874577279406,-10.763075791509465
137,2006,252,8.633333333333333,7.8,51102005,14.003549999999999,0.1497326203208556,4.9313133604053306e-06,0.9152275336359111,2.5453950632826707,310.9,295.79970525,2.395662442961815,303.09999999999997,281.79615524999997,13.778912964051765,2103.5,1567.5231525,0.06976821483254292,1044.5699999999997,211.11046143016392,0.5169604263004652,10240.510000000002,1968.5343764787613,-12.131322629703678
137,2007,187,8.633333333333333,7.8,51713048,14.003549999999999,0.1497326203208556,3.6161086463130157e-06,0.9201741889203668,2.7502627461436537,357.2,330.201509875,2.600530125822798,349.4,316.197959875,13.61577871130859,2060.2000000000003,1542.06841125,0.09404094607873381,1313.0200000000004,280.2868788435753,0.4894609575314499,9777.05999999999,1877.1420898846627,-12.446919778814271
137,2008,103,9.149056795131848,7.8,52324877,14.003549999999999,0.14893617021276595,1.9684709435628488e-06,0.9235641012591391,2.8571570957147023,362.6,321.905370125,2.7082209255019363,354.8,307.901820125,13.516623393349276,2086.0,1550.3659983750001,0.11196819788779366,1331.88,291.81925419871186,0.5064900455854016,9945.519999999997,1903.6315112492812,-13.058738416836723
137,2009,54,9.280833333333334,7.8,52877802,14.003549999999999,0.14893617021276595,1.021222478196049e-06,0.9291896626111653,3.052069881931056,391.9,348.35487125000003,2.90313371171829,384.09999999999997,334.35132125,13.645023505873654,2059.2999999999997,1563.83277925,0.1222596430333519,1416.7700000000004,294.156887739362,0.48111909950491416,9895.930000000008,1754.1190160922197,-13.72106773708061
137,2010,65,9.348155440414509,7.8,53362801,14.003549999999999,0.14893617021276595,1.218076989624289e-06,0.9249569564386247,3.0384629852141445,414.5,342.6139525,2.8895268150013784,406.7,328.61040249999996,14.105168575163725,2155.1,1609.611702875,0.12431420474269972,1682.7300000000005,318.8775716719556,0.48622822555146605,10766.690000000002,1805.1732655986634,-13.540229104669773
143,2006,2495,1.6660277777777779,9.3,51102005,11.3712465,0.06640625,4.8823916008775e-05,0.9152275336359111,2.5453950632826707,310.9,295.79970525,2.4789888132826707,301.59999999999997,284.42845875,13.778912964051765,2103.5,1567.5231525,0.06172365696639387,727.4700000000003,165.31968495754336,0.27383451040202966,7546.6600000000035,802.9503827303051,-9.838707709029483
143,2007,2124,1.6660277777777779,9.3,51713048,11.3712465,0.06640625,4.10728062287104e-05,0.9201741889203668,2.7502627461436537,357.2,330.201509875,2.6838564961436537,347.9,318.830263375,13.61577871130859,2060.2000000000003,1542.06841125,0.06610794638302359,933.9699999999993,215.22558689614834,0.2731784739680869,7136.159999999989,777.9313840844843,-10.01697201330703
143,2008,1549,1.6423722109533472,9.3,52324877,11.3712465,0.06640625,2.960350962697915e-05,0.9235641012591391,2.8571570957147023,362.6,321.905370125,2.7907508457147023,353.3,310.534123625,13.516623393349276,2086.0,1550.3659983750001,0.10372088769538429,936.6299999999992,183.08204685045712,0.28497914529912305,7227.219999999994,848.1043407104953,-10.34810256464949
143,2009,1372,1.6660277777777779,9.3,52877802,11.3712465,0.06640625,2.5946615557129247e-05,0.9291896626111653,3.052069881931056,391.9,348.35487125000003,2.985663631931056,382.59999999999997,336.98362475000005,13.645023505873654,2059.2999999999997,1563.83277925,0.11064022071354285,984.920000000001,191.0775778828147,0.29857409406111324,7232.080000000002,836.2833200541572,-10.486026975359053
179,2006,8973,2.104888888888889,11.6,51102005,13.4683005,0.0935483870967742,0.0001755899792972898,0.9152275336359111,1.1880203100901565,261.4,140.11163249999998,1.0944719229933824,249.79999999999998,126.64333199999999,15.13628771724428,2153.0,1723.2112252499999,0.005769272811130294,628.4400000000005,292.50130301597255,0.15998494532352003,4471.000000000007,1455.6202404985088,-8.558776369917044
179,2007,6810,2.104888888888889,11.6,51713048,13.4683005,0.0935483870967742,0.00013168823465984833,0.9201741889203668,1.2738977915175103,278.1,154.7671665,1.180349404420736,266.5,141.298866,15.092143665934733,2139.3,1717.502754625,0.005834582300719621,681.0500000000002,292.3572859744095,0.1613824198530649,4200.589999999989,1443.1262107552539,-8.851880996525301
179,2008,6220,2.0750020283975665,10.6,52324877,13.560338999999999,0.10246913580246914,0.00011887271134913514,0.9235641012591391,1.332610970015635,297.3,162.484021375,1.2301418342131658,286.7,148.923682375,15.041169519048344,2151.2999999999997,1709.787347125,0.013085099017859925,977.4500000000007,334.6619061817646,0.19951545136501414,5088.590000000004,1504.669287024204,-8.957942219333134
179,2009,3121,2.104888888888889,10.6,52877802,13.560338999999999,0.10246913580246914,5.902287693425684e-05,0.9291896626111653,1.3668217896478696,289.8,166.0673695,1.2643526538454004,279.2,152.5070305,15.330271598156841,2161.3999999999996,1746.120281,0.013493652229741415,888.1600000000008,314.2974688428685,0.2023921213948192,5250.140000000007,1401.0249144621193,-9.664143041374103
179,2010,1861,2.120157512953368,10.6,53362801,13.560338999999999,0.10246913580246914,3.487448119524311e-05,0.9249569564386247,1.3814151283646303,291.4,166.514134375,1.2789459925621611,280.79999999999995,152.953795375,15.76221643201324,2278.2,1785.7115210000002,0.012365637014591813,932.6400000000012,310.12154097648727,0.20545419760464023,5885.419999999998,1467.599868894511,-10.185747117923158
179,2011,1429,2.1245607476635517,10.6,53783435,13.560338999999999,0.10246913580246914,2.6569519034996558e-05,0.9389811007794501,1.2553489253689183,259.0,152.375882875,1.152879789566449,248.4,138.815543875,14.766608801761839,2254.9,1692.37414649,0.009684501733234457,876.3200000000006,234.6542928018639,0.20674626244472005,6875.489999999998,1363.3955541857358,-10.472785973221203
179,2012,1443,2.279423076923077,10.6,54171475,13.192185,0.10246913580246914,2.6637635397596245e-05,0.9197618488328037,1.1640566237104693,248.0,142.358698375,1.061587487908,237.4,129.166513375,15.331048059392245,2461.1,1782.18522475,0.009558915075600805,1047.2800000000007,186.8056781732489,0.21134529012729386,9041.57,1297.8183912786262,-10.449544975169681
179,2013,1588,2.26998447204969,10.6,54594744,13.192185,0.10246913580246914,2.9087049112273518e-05,0.9195631909181587,1.2256286414618782,285.8,151.04692775,1.123159505659409,275.2,137.85474275,14.624674163142775,2529.1,1740.125924375,0.011311179099129348,1665.2000000000007,207.09129444521704,0.19052506510326106,11224.669999999998,1241.6818223843948,-10.361361016369184
179,2014,1421,2.3061592741935484,9.6,55952365,13.192185,0.10246913580246914,2.5396602985414467e-05,0.9188134228106355,1.2353312576862336,286.6,150.696394,1.1328621218837645,277.0,137.504209,15.219450195424095,2638.0,1791.6603675,0.010554386013546052,1942.2000000000007,210.3717452652363,0.21974378624918334,14826.040000000008,1206.4327712058584,-10.496222934408546
179,2015,1034,2.1258720000000007,18.2,56412140,11.931106250000001,0.10263157894736842,1.8329387965072767e-05,0.9279170405519096,1.160070856282717,289.0,139.063396,1.0574392773353485,270.8,127.13228975000001,15.116253936294603,2730.4,1785.61443425,0.010036140467228893,675.159999999998,112.51371193722525,0.2200707181245205,6424.659999999989,989.4392852824749,-10.832191940315301
179,2016,544,2.128,18.2,56950757,11.931106250000001,0.10263157894736842,9.55211183584443e-06,0.9300480413280547,1.1738523688877587,302.0,137.52150925,1.0712207899403903,283.8,125.59040300000001,15.53896768469546,2874.1,1836.87839175,0.009968238631572063,794.0,116.7189702118194,0.24488243961344702,7161.570000000007,974.638989281957,-11.486229256447865
198,2006,7193,2.3207222222222224,12.0,51102005,13.702304,0.10738255033557047,0.00014075768651347439,0.9152275336359111,4.587959748102073,630.9,546.961630875,4.480577197766503,618.9,533.2593268749999,11.736348279232363,1783.5,1316.3612268749998,0.025928954522129177,1320.9500000000007,294.4236529481932,0.14681135863841144,3404.570000000007,1630.7224806483864,-8.779888107347746
198,2007,4922,2.3207222222222224,12.0,51713048,13.702304,0.10738255033557047,9.51790735676613e-05,0.9201741889203668,4.479565362622365,642.0,547.716383,4.372182812286795,630.0,534.0140789999999,11.886476094829879,1775.4,1324.5535381250002,0.02265442468229939,1344.5,296.20286881311586,0.15039397832784607,3160.8199999999924,1612.1179297097042,-9.176558164717857
198,2008,2834,2.2877707910750513,12.0,52324877,13.702304,0.10738255033557047,5.41616180005545e-05,0.9235641012591391,3.8422221298968133,581.0,493.45984625,3.734839579561243,569.0,479.75754225,12.531558359167166,1867.6,1378.81152225,0.01977925528720359,1149.960000000001,279.0722164635572,0.2020485265990808,3280.600000000006,1667.2712508108816,-9.744022984815732
198,2009,1183,2.3207222222222224,12.0,52877802,13.702304,0.10738255033557047,2.2372336883443076e-05,0.9291896626111653,3.8923568879462977,590.5,494.072033125,3.7849743376107274,578.5,480.369729125,12.804736499858413,1860.6999999999998,1418.115617375,0.02246268448080735,1327.33,277.54711061673333,0.20050426838080648,3199.850000000006,1537.3244579219463,-10.634242919666496
198,2010,21,2.337556476683938,12.0,53362801,13.702304,0.10738255033557047,3.9353256587861647e-07,0.9249569564386247,4.159039492725831,626.4,522.427949875,4.05165694239026,614.4,508.72564587499994,12.984592067652038,1943.1999999999998,1429.7977055000001,0.02326813890121915,1491.5200000000023,286.4989242128995,0.20136917395952114,3510.459999999999,1594.8850446216238,-14.670093936841987
208,2006,143176,1.5324166666666668,18.2,51102005,10.913427,0.09734513274336283,0.002801768736862673,0.9152275336359111,4.587959748102073,630.9,546.961630875,4.4906146153587105,612.6999999999999,536.048203875,11.736348279232363,1783.5,1316.3612268749998,0.02761425139708029,1736.3500000000022,324.63025234791894,0.13376920903334089,3945.2100000000064,666.3818103807971,-5.788921795517858
208,2007,147069,1.5324166666666668,18.2,51713048,10.913427,0.09734513274336283,0.0028439437567091383,0.9201741889203668,4.479565362622365,642.0,547.716383,4.382220229879002,623.8,536.802956,11.886476094829879,1775.4,1324.5535381250002,0.022163722133829444,1622.260000000002,330.6192898970676,0.14036561987749163,3801.899999999994,693.4719562860519,-5.779371252280855
208,2008,144051,1.4589858012170387,18.2,52324877,10.913427,0.09734513274336283,0.0027530117270987563,0.9235641012591391,3.8422221298968133,581.0,493.45984625,3.7448769971534506,562.8,482.54641925,12.531558359167166,1867.6,1378.81152225,0.016768678624607736,1247.920000000002,354.11025278448506,0.19469540204694535,3714.5999999999913,708.0117352519519,-5.815544722543765
208,2009,90178,1.48,18.6,52877802,10.913427,0.09734513274336283,0.001705403715532654,0.9291896626111653,3.8923568879462977,590.5,494.072033125,3.795011755202935,571.9,483.158606125,12.804736499858413,1860.6999999999998,1418.115617375,0.020458554823065578,1409.1699999999983,355.99977472843966,0.19658021273128456,4287.530000000013,728.6432701387712,-6.300511009782229
208,2010,111265,1.4907357512953368,20.0,53362801,10.913427,0.09734513274336283,0.0020850667115468696,0.9249569564386247,4.159039492725831,626.4,522.427949875,4.061694359982468,606.4,511.51452287499995,12.984592067652038,1943.1999999999998,1429.7977055000001,0.022507744085479953,1965.1200000000026,385.81342435241095,0.19694581469495898,5443.259999999995,714.0631785578516,-6.094946352165193
208,2011,70758,1.4938317757009347,20.0,53783435,10.913427,0.09734513274336283,0.0013156095366538042,0.9389811007794501,3.948123963511089,614.8,492.682771125,3.850778830767726,594.8,481.769344125,12.07383376361967,1899.1000000000001,1352.06725824,0.022287972297807324,1730.5,349.48540834366395,0.19452008496841744,4782.389999999999,649.561632402354,-6.570495267833047
208,2012,80459,1.448653846153846,20.6,54171475,10.789692,0.09047619047619047,0.0014852650772385282,0.9197618488328037,4.236547612120974,688.6,520.2051025000001,4.146071421644784,668.0,509.41541050000006,12.25855707098174,2020.5,1404.338820625,0.032004616285949194,2381.1399999999994,379.53630447114665,0.19811424706183267,5629.709999999992,730.5736715481435,-6.428521517052927
208,2013,101664,1.4426552795031058,20.6,54594744,10.789692,0.09047619047619047,0.0018621572801953243,0.9195631909181587,4.082125542689419,681.4,508.54062375,3.9916493522132286,660.8,497.75093175,11.768177261915234,2133.5,1382.632228375,0.024895195002593407,2354.300000000003,378.005624679241,0.17763150824152873,5405.569999999992,708.7547446158678,-6.202163121107024
208,2014,114331,1.445126008064516,20.6,55952365,10.789692,0.09047619047619047,0.002043363135767362,0.9188134228106355,3.9332535253998997,672.3,499.675736625,3.842777334923709,651.6999999999999,488.886044625,12.521527927710428,2252.3,1442.6810248749998,0.01951140574779653,2378.410000000007,388.3550038157009,0.21903423607446504,5526.029999999999,739.5258582349561,-6.1084860333971935
208,2015,109027,1.4835150000000001,20.6,56412140,10.88868,0.09047619047619047,0.0019326868294661397,0.9279170405519096,3.636998610239098,643.4,465.63212075,3.5465224197629075,622.8,454.74344075,12.639326182338221,2376.0,1459.0457095,0.01887698879368538,2188.7000000000044,374.2863649371957,0.21961547883765542,5782.799999999988,815.3252243195966,-6.174031158424546
208,2016,84770,1.485,20.6,56950757,10.88868,0.09047619047619047,0.0014884788976553902,0.9300480413280547,3.8423846746569024,721.0,499.764263875,3.7519084841807118,700.4,488.87558387499996,12.870435378926317,2455.1,1474.635637125,0.020355024286901835,2556.5800000000054,379.19991413374373,0.24410360210783422,5890.990000000005,808.3280440798917,-6.4374815177013565
214,2006,452,11.439166666666667,7.8,51102005,14.691442499999999,0.13658536585365855,8.845054122631784e-06,0.9152275336359111,4.587959748102073,630.9,546.961630875,4.451374382248415,623.1,532.270188375,11.736348279232363,1783.5,1316.3612268749998,0.07144647241313451,2961.4699999999975,448.13734289086096,0.32341308723508266,8323.610000000008,2424.9224283390067,-11.547069537382871
214,2007,351,11.439166666666667,7.8,51713048,14.691442499999999,0.13658536585365855,6.787455266608923e-06,0.9201741889203668,4.479565362622365,642.0,547.716383,4.342979996768706,634.2,533.0249405,11.886476094829879,1775.4,1324.5535381250002,0.07450278505802554,3078.2599999999984,448.4234499861941,0.3182273971184624,8011.819999999996,2390.111216477613,-11.817242172202992
214,2008,270,11.595897565922924,7.8,52324877,14.691442499999999,0.13658536585365855,5.160069463708439e-06,0.9235641012591391,3.8422221298968133,581.0,493.45984625,3.7056367640431547,573.2,478.76840375,12.531558359167166,1867.6,1378.81152225,0.07322929911287024,2787.120000000001,398.20051727686223,0.3678282589148645,8490.279999999999,2478.3539546298925,-12.095045446067983
214,2009,156,11.762916666666667,7.8,52877802,14.691442499999999,0.13658536585365855,2.950198270344142e-06,0.9291896626111653,3.8923568879462977,590.5,494.072033125,3.755771522092639,582.7,479.380590625,12.804736499858413,1860.6999999999998,1418.115617375,0.07298457612574771,3044.289999999999,395.4643362155239,0.3574534090530346,8268.410000000003,2298.738122171737,-12.660195776395346
214,2010,163,12.505616580310882,7.6,53362801,14.691442499999999,0.13526570048309178,3.0545622970578323e-06,0.9249569564386247,4.159039492725831,626.4,522.427949875,4.023773792242739,618.8,507.736507375,12.984592067652038,1943.1999999999998,1429.7977055000001,0.06873159564594555,3468.000000000002,404.49098753603175,0.35005440527492127,9485.66,2389.3589982665508,-12.620866173758648
214,2011,208,12.53158878504673,7.6,53783435,14.691442499999999,0.13526570048309178,3.867361762966608e-06,0.9389811007794501,3.948123963511089,614.8,492.682771125,3.812858263027997,607.1999999999999,477.991328625,12.07383376361967,1899.1000000000001,1352.06725824,0.06686642736745263,3630.1800000000003,399.447276569872,0.34613574060667185,10469.029999999999,2138.306370479644,-12.399978071449754
214,2012,189,12.544615384615385,7.6,54171475,14.691442499999999,0.13526570048309178,3.4889210603920237e-06,0.9197618488328037,4.236547612120974,688.6,520.2051025000001,4.101281911637883,681.0,505.5136600000001,12.25855707098174,2020.5,1404.338820625,0.07715531768243578,4887.540000000001,495.7984964968691,0.3638633033722174,12337.71,2199.4429399549117,-12.48227751888391
214,2013,171,12.606428571428573,7.6,54594744,14.691442499999999,0.13526570048309178,3.132169646220889e-06,0.9195631909181587,4.082125542689419,681.4,508.54062375,3.9468598422063272,673.8,493.84918125,11.768177261915234,2133.5,1382.632228375,0.07376800536316441,5040.1,485.8705590191221,0.3670865699144512,15784.770000000004,2148.1693688002197,-12.589928101673605
214,2014,172,12.626473790322581,7.6,55952365,14.691442499999999,0.13526570048309178,3.0740434296208925e-06,0.9188134228106355,3.9332535253998997,672.3,499.675736625,3.7979878249168078,664.6999999999999,484.984294125,12.521527927710428,2252.3,1442.6810248749998,0.07160915684054303,5194.210000000001,465.9760644244652,0.38144835811509914,17527.630000000005,2108.0337559865293,-12.607844585692193
214,2015,149,12.525462000000003,7.6,56412140,14.691442499999999,0.13526570048309178,2.641275441775476e-06,0.9279170405519096,3.636998610239098,643.4,465.63212075,3.501732909756006,635.8,450.94067825,12.639326182338221,2376.0,1459.0457095,0.06718035880851592,5352.900000000003,432.0894615410798,0.3815882173534928,20634.0,2169.7333198906126,-12.769435689438216
214,2016,90,12.538,7.6,56950757,14.691442499999999,0.13526570048309178,1.5803126199007328e-06,0.9300480413280547,3.8423846746569024,721.0,499.764263875,3.7071189741738104,713.4,485.072821375,12.870435378926317,2455.1,1474.635637125,0.0805927179789867,6638.580000000004,469.2355346620843,0.39548467396123055,22432.190000000002,2141.441685939186,-13.285368832973543
218,2006,7707,2.568416666666667,8.9,51102005,16.427814499999997,0.09476744186046511,0.00015081600027239635,0.9152275336359111,4.587959748102073,630.9,546.961630875,4.493192306241609,622.0,530.533816375,11.736348279232363,1783.5,1316.3612268749998,0.02947783481461208,2381.7700000000004,926.2023077260637,0.1343545382715181,6622.68,4391.724264264296,-8.710867431437109
218,2007,6845,2.568416666666667,8.9,51713048,16.427814499999997,0.09476744186046511,0.00013236504643857001,0.9201741889203668,4.479565362622365,642.0,547.716383,4.3847979207619,633.1,531.2885685,11.886476094829879,1775.4,1324.5535381250002,0.02346849111294458,2474.1400000000012,923.867353907819,0.14172491531873987,6328.709999999999,4328.463252663336,-8.84675465794631
218,2008,5962,2.5319482758620695,8.9,52324877,16.427814499999997,0.09476744186046511,0.00011394197830603597,0.9235641012591391,3.8422221298968133,581.0,493.45984625,3.747454688036348,572.1,477.03203175,12.531558359167166,1867.6,1378.81152225,0.01726373408340809,2225.350000000002,791.8904510798093,0.1969043086709643,6696.18,4498.45493457144,-9.000306130828342
218,2009,3340,2.568416666666667,8.9,52877802,16.427814499999997,0.09476744186046511,6.316450142916304e-05,0.9291896626111653,3.8923568879462977,590.5,494.072033125,3.7975894460858326,581.6,477.644218625,12.804736499858413,1860.6999999999998,1418.115617375,0.021212074099346556,2461.620000000001,787.0283017214351,0.19970225012859055,6507.860000000008,4236.3806481081265,-9.596325697674137
218,2010,22,2.587047668393782,8.9,53362801,16.427814499999997,0.09476744186046511,4.1227221187283627e-07,0.9249569564386247,4.159039492725831,626.4,522.427949875,4.064272050865366,617.5,506.00013537499996,12.984592067652038,1943.1999999999998,1429.7977055000001,0.02364570033560376,2718.8100000000013,805.6513263150919,0.20000466254285243,7200.389999999992,4394.501835790565,-14.623573921207093
223,2006,1823,3.8531388888888887,11.6,51102005,11.002145,0.13071895424836602,3.567374704769412e-05,0.9152275336359111,4.587959748102073,630.9,546.961630875,4.457240793853707,619.3,535.9594858749999,11.736348279232363,1783.5,1316.3612268749998,0.05627903774887755,1410.3100000000013,313.12901994660933,0.2713714096966173,3689.1300000000047,668.07293144922,-10.15251294253644
223,2007,862,3.8531388888888887,11.6,51713048,11.002145,0.13071895424836602,1.666890723594556e-05,0.9201741889203668,4.479565362622365,642.0,547.716383,4.348846408373999,630.4,536.7142379999999,11.886476094829879,1775.4,1324.5535381250002,0.058063578231915214,1442.7400000000016,318.9841372977062,0.2679471426993931,3438.9000000000015,693.7094664155229,-10.918773125005165
230,2012,266567,1.755,35.4,54171475,9.784853625,0.07047619047619047,0.004920800107436616,0.9197618488328037,4.236547612120974,688.6,520.2051025000001,4.166071421644784,653.2,510.4202488750001,12.25855707098174,2020.5,1404.338820625,0.06626652077078832,16808.179999999993,556.6684985248539,0.28607557752014956,49422.909999999974,968.5791244570828,-5.230643635823537
230,2013,262367,1.7477329192546585,35.4,54594744,9.784853625,0.07047619047619047,0.004805719026725356,0.9195631909181587,4.082125542689419,681.4,508.54062375,4.011649352213229,646.0,498.755770125,11.768177261915234,2133.5,1382.632228375,0.056199264329217846,16165.659999999996,552.3700799803883,0.252415741575281,44196.369999999995,944.4851497426243,-5.254092092228045
230,2014,233209,1.7613417338709678,37.0,55952365,9.784853625,0.07047619047619047,0.004167991826618946,0.9188134228106355,3.9332535253998997,672.3,499.675736625,3.862777334923709,635.3,489.89088300000003,12.521527927710428,2252.3,1442.6810248749998,0.048079642001887635,18112.570000000007,565.5779945625509,0.3110763055638346,51619.869999999995,1013.2385615844905,-5.395648736309892
230,2015,215525,1.7592390000000002,37.0,56412140,9.852568875000001,0.07047619047619047,0.0038205428831453656,0.9279170405519096,3.636998610239098,643.4,465.63212075,3.5665224197629075,606.4,455.77955187500004,12.639326182338221,2376.0,1459.0457095,0.045252171298487354,16036.86,544.0407737561236,0.3131504308930888,48763.919999999984,1088.0416529725371,-5.492549804305549
230,2016,168208,1.761,37.0,56950757,9.852568875000001,0.07047619047619047,0.0029535691685362497,0.9300480413280547,3.8423846746569024,721.0,499.764263875,3.771908484180712,684.0,489.911695,12.870435378926317,2455.1,1474.635637125,0.04528850651127314,16693.380000000005,555.2129932591397,0.34366387440774404,47222.26999999999,1091.8600289274618,-5.752221915488196
231,2006,27913,1.61875,16.4,51102005,11.3370075,0.0956140350877193,0.0005462212294801349,0.9152275336359111,4.587959748102073,630.9,546.961630875,4.492345713014354,614.5,535.6246233749999,11.736348279232363,1783.5,1316.3612268749998,0.028801292950371482,1267.2700000000004,275.9590976862237,0.13398496828618622,2829.9300000000003,691.6187877181437,-7.423903908105766
231,2007,33361,1.61875,16.4,51713048,11.3370075,0.0956140350877193,0.0006451176499981204,0.9201741889203668,4.479565362622365,642.0,547.716383,4.383951327534645,625.6,536.3793754999999,11.886476094829879,1775.4,1324.5535381250002,0.022975481153942767,1193.1399999999994,281.30873867040646,0.1411011509495932,2657.459999999999,711.7687270325368,-7.262885563626263
231,2008,28538,1.7021501014198785,18.0,52324877,11.413070625000003,0.09166666666666666,0.0005454002309455979,0.9235641012591391,3.8422221298968133,581.0,493.45984625,3.7505554632301465,563.0,482.046775625,12.531558359167166,1867.6,1378.81152225,0.018545948121347466,1197.9599999999991,296.0585161093459,0.2017800266365941,3549.4000000000087,735.7497789849585,-7.434475593575839
231,2009,14058,1.7266666666666668,18.6,52877802,11.413070625000003,0.09166666666666666,0.0002658582518237048,0.9291896626111653,3.8923568879462977,590.5,494.072033125,3.800690221279631,571.9,482.65896250000003,12.804736499858413,1860.6999999999998,1418.115617375,0.022805201365500016,1409.1699999999983,297.3362875144976,0.2056940058395087,4287.530000000013,728.2605249474836,-8.159104875909032
231,2010,24446,1.7495440414507772,20.0,53362801,11.413070625000003,0.09166666666666666,0.000458109385974698,0.9249569564386247,4.159039492725831,626.4,522.427949875,4.067372826059164,606.4,511.01487925,12.984592067652038,1943.1999999999998,1429.7977055000001,0.025736492694795277,1965.1200000000026,321.12481548194773,0.20595562110193466,5443.259999999995,724.3172560636922,-7.610394492228202
231,2011,14166,1.753177570093458,20.0,53783435,11.413070625000003,0.09166666666666666,0.0002633896477605047,0.9389811007794501,3.948123963511089,614.8,492.682771125,3.856457296844422,594.8,481.2697005,12.07383376361967,1899.1000000000001,1352.06725824,0.025267961733824396,1730.5,292.2101929332275,0.20177284783672045,4782.389999999999,648.2484171366377,-8.178916144837503
231,2012,12733,1.755,20.0,54171475,11.413070625000003,0.09166666666666666,0.00023504990403159595,0.9197618488328037,4.236547612120974,688.6,520.2051025000001,4.144880945454307,668.6,508.7920318750001,12.25855707098174,2020.5,1404.338820625,0.03102474101899455,2184.34,312.27738216998114,0.1960317982533728,5009.309999999998,709.7950200242121,-8.272072206370117
231,2013,10392,1.758074534161491,18.2,54594744,11.413070625000003,0.09083333333333334,0.00019034799393875717,0.9195631909181587,4.082125542689419,681.4,508.54062375,3.991292209356086,663.1999999999999,497.127553125,11.768177261915234,2133.5,1382.632228375,0.024634280499311823,1807.1000000000022,311.4487481907345,0.17719033570750797,4192.610000000001,687.3574890796663,-8.48280009982583
231,2014,9020,1.8499627016129032,19.2,55952365,11.413070625000003,0.09083333333333334,0.00016120855659988636,0.9188134228106355,3.9332535253998997,672.3,499.675736625,3.8424201920665664,653.0999999999999,488.262666,12.521527927710428,2252.3,1442.6810248749998,0.019292074998361053,2032.050000000003,319.00976198434364,0.21831396952746074,4756.029999999999,698.6252408540968,-8.648139449448978
231,2015,7361,1.835163,19.2,56412140,11.413070625000003,0.09083333333333334,0.00013048609749603544,0.9279170405519096,3.636998610239098,643.4,465.63212075,3.5461652769057648,624.1999999999999,454.219050125,12.639326182338221,2376.0,1459.0457095,0.018675008493854617,1928.5800000000054,318.6487984038595,0.21887582408156314,5303.440000000002,782.0435467542993,-8.86943092332497
231,2016,9701,1.8980000000000001,19.2,56950757,11.47557375,0.09083333333333334,0.000170340141396189,0.9300480413280547,3.8423846746569024,721.0,499.764263875,3.751551341323569,701.8,488.28869012499996,12.870435378926317,2455.1,1474.635637125,0.020200599859425794,2346.5800000000017,317.6004982221275,0.2432636227555398,5577.389999999999,770.6010228263185,-8.605194251342525
246,2006,74975,1.4244999999999999,18.4,51102005,10.994109,0.07767857142857143,0.0014671635682396414,0.9152275336359111,4.587959748102073,630.9,546.961630875,4.510281176673502,612.5,535.967521875,11.736348279232363,1783.5,1316.3612268749998,0.05662000076464169,1806.0699999999997,314.14226380369473,0.17890059155753035,4117.530000000013,667.841299533131,-6.435841713597893
246,2007,52885,1.4244999999999999,18.4,51713048,10.994109,0.07767857142857143,0.0010226625976484697,0.9201741889203668,4.479565362622365,642.0,547.716383,4.401886791193793,623.6,536.722274,11.886476094829879,1775.4,1324.5535381250002,0.04690598184495931,1687.5399999999972,320.0095115309432,0.19140199818269,3977.459999999992,693.6095013258418,-6.802153371906705
246,2008,51694,1.4468275862068969,18.4,52324877,10.994109,0.07767857142857143,0.0009879430772479407,0.9235641012591391,3.8422221298968133,581.0,493.45984625,3.764543558468242,562.6,482.46573725,12.531558359167166,1867.6,1378.81152225,0.033652810854004955,1301.0,343.417807116728,0.2538943081132947,3889.8800000000047,708.2317140391533,-6.8403704054632515
246,2009,45169,1.467666666666667,18.4,52877802,10.994109,0.07767857142857143,0.000854214779956247,0.9291896626111653,3.8923568879462977,590.5,494.072033125,3.8146783165177265,572.1,483.07792412500004,12.804736499858413,1860.6999999999998,1418.115617375,0.03931464363882742,1356.7700000000004,345.2085441377858,0.26308195369552445,4092.0099999999948,724.288526739776,-6.991885493828853
246,2010,46540,1.4959119170984456,18.4,53362801,10.732867125,0.0871559633027523,0.0008721431245709909,0.9249569564386247,4.159039492725831,626.4,522.427949875,4.071883529423078,608.0,511.69508275,12.984592067652038,1943.1999999999998,1429.7977055000001,0.03018563017534759,1450.5600000000013,414.2259363859321,0.21904146416658987,3735.7399999999907,726.2010396949918,-6.966548937709127
246,2011,59207,1.4938317757009347,18.4,53783435,10.732867125,0.0871559633027523,0.0011008408072113653,0.9389811007794501,3.948123963511089,614.8,492.682771125,3.8609680002083366,596.4,481.949904,12.07383376361967,1899.1000000000001,1352.06725824,0.029427576117209364,1301.7000000000044,374.97325318612275,0.2130952965183286,3425.2699999999895,664.8971111489518,-6.748721094025913
246,2012,43011,1.4953846153846155,18.4,54171475,10.732867125,0.0871559633027523,0.0007939787498863562,0.9197618488328037,4.236547612120974,688.6,520.2051025000001,4.149391648818222,670.2,509.4722353750001,12.25855707098174,2020.5,1404.338820625,0.035366494930772485,1807.3799999999974,387.2907815767503,0.20579424766861587,3794.9100000000035,737.2993359326902,-7.0548133580291745
246,2013,25688,1.5098757763975157,18.4,54594744,10.732867125,0.0871559633027523,0.00047052148463229356,0.9195631909181587,4.082125542689419,681.4,508.54062375,3.994969579386667,663.0,497.807756625,11.768177261915234,2133.5,1382.632228375,0.02782142004905952,1834.6599999999999,385.65745342298396,0.1832347223212829,4239.570000000007,715.4594936817666,-7.577812422406916
246,2014,22015,1.6263961693548388,20.0,55952365,10.732867125,0.0908256880733945,0.00039345968664595323,0.9188134228106355,3.9332535253998997,672.3,499.675736625,3.8424278373265053,652.3,488.94286950000003,12.521527927710428,2252.3,1442.6810248749998,0.01929666327201962,2210.7700000000004,396.22235708586595,0.2183290487333993,5135.070000000007,748.1630710830468,-7.755859744315792
246,2015,15293,1.613385,20.0,56412140,10.732867125,0.0908256880733945,0.00027109412973874063,0.9279170405519096,3.636998610239098,643.4,465.63212075,3.5461729221657037,623.4,454.89925362500003,12.639326182338221,2376.0,1459.0457095,0.018679233367160597,2059.459999999999,394.7394532687158,0.2188913156536172,5515.919999999998,838.7802641315575,-8.138231509035553
246,2016,7307,1.615,20.0,56950757,10.732867125,0.0908256880733945,0.0001283038257068295,0.9300480413280547,3.8423846746569024,721.0,499.764263875,3.751558986583508,701.0,489.03139675,12.870435378926317,2455.1,1474.635637125,0.02020379870111577,2447.380000000001,400.1827109072183,0.24328125927691868,5694.669999999998,833.2723913609443,-8.88859043151259
247,2006,25957,1.6403333333333334,14.6,51102005,11.44387725,0.09478260869565218,0.0005079448448255602,0.9152275336359111,4.587959748102073,630.9,546.961630875,4.493177139406421,616.3,535.517753625,11.736348279232363,1783.5,1316.3612268749998,0.029465159628488835,1083.3099999999977,266.17364033631384,0.1343463915509746,2498.7300000000105,704.8454796858641,-7.496555115478623
247,2007,15286,1.6403333333333334,14.6,51713048,11.44387725,0.09478260869565218,0.00029559270998684895,0.9201741889203668,4.479565362622365,642.0,547.716383,4.384782753926713,627.4,536.2725057499999,11.886476094829879,1775.4,1324.5535381250002,0.023459103926380842,1049.140000000003,271.3619609786747,0.14171221467052364,2297.0999999999985,723.2443984898382,-8.043335739866029
247,2008,12439,1.6818864097363087,15.4,52324877,11.47252275,0.0939655172413793,0.00023772631132988617,0.9235641012591391,3.8422221298968133,581.0,493.45984625,3.748256612655434,565.6,481.9873235,12.531558359167166,1867.6,1378.81152225,0.017523444472198446,832.4000000000051,290.44733234903106,0.19793298859999497,2319.0800000000017,743.2384709522048,-8.264875427856394
247,2009,8869,1.6403333333333334,14.6,52877802,11.44387725,0.09478260869565218,0.00016772633628001405,0.9291896626111653,3.8923568879462977,590.5,494.072033125,3.7975742792506457,575.9,482.628155875,12.804736499858413,1860.6999999999998,1418.115617375,0.021206124729212017,953.9700000000012,294.3565752709146,0.19967894451818946,2307.530000000006,730.3122814576236,-8.61973445426843
247,2010,6648,1.716416580310881,15.4,53362801,11.47252275,0.0939655172413793,0.00012458116656957345,0.9249569564386247,4.159039492725831,626.4,522.427949875,4.065073975484451,611.0,510.95542712499997,12.984592067652038,1943.1999999999998,1429.7977055000001,0.02411083879773368,1051.5600000000013,314.7903954022404,0.201305891421093,2314.3399999999965,729.8252656253317,-8.912545038030126
247,2011,6338,1.719981308411215,15.4,53783435,11.47252275,0.0939655172413793,0.00011784297525808829,0.9389811007794501,3.948123963511089,614.8,492.682771125,3.8541584462697096,599.4,481.210248375,12.07383376361967,1899.1000000000001,1352.06725824,0.023758553102540714,1035.9000000000015,286.6914067078469,0.19789658743587912,2550.469999999994,652.1141299676456,-8.983197610900206
247,2012,5765,1.7321538461538464,15.4,54171475,11.47252275,0.0939655172413793,0.00010642132229185194,0.9197618488328037,4.236547612120974,688.6,520.2051025000001,4.142582094879595,673.2,508.73257975000007,12.25855707098174,2020.5,1404.338820625,0.029469468604962357,1680.1800000000003,307.56786524829295,0.193013197900596,3242.909999999996,712.8878105656222,-9.064464101240393
247,2013,5327,1.7477329192546585,13.8,54594744,11.47252275,0.0939655172413793,9.757349535332559e-05,0.9195631909181587,4.082125542689419,681.4,508.54062375,3.98816002544804,667.6,497.068101,11.768177261915234,2133.5,1382.632228375,0.02279412805425718,2030.619999999999,306.7655902084243,0.17466549509134888,5649.009999999995,690.3100913765629,-9.151048151259266
247,2014,3915,1.7502641129032261,13.8,55952365,11.47252275,0.0939655172413793,6.997023271491741e-05,0.9188134228106355,3.9332535253998997,672.3,499.675736625,3.8392880081585203,658.5,488.203213875,12.521527927710428,2252.3,1442.6810248749998,0.017805687641136103,2164.8899999999994,314.02007959893854,0.2133851591902447,6449.470000000001,699.8801746718746,-9.482768454080743
247,2015,2687,1.7362620000000004,13.8,56412140,11.47252275,0.0939655172413793,4.7631591356044995e-05,0.9279170405519096,3.636998610239098,643.4,465.63212075,3.5430330929977187,629.6,454.159598,12.639326182338221,2376.0,1459.0457095,0.017307998934535496,2283.899999999998,313.62525515727066,0.2137879061352601,8154.639999999999,782.7132471782897,-9.877201386768185
247,2016,836,1.7380000000000002,13.8,56950757,11.47252275,0.0939655172413793,1.4679348335966808e-05,0.9300480413280547,3.8423846746569024,721.0,499.764263875,3.748419157415523,707.2,488.291741125,12.870435378926317,2455.1,1474.635637125,0.01928344840628049,3005.380000000001,317.8494740634342,0.23730677578212278,9104.669999999998,770.5673606116907,-11.056549890219106
258,2011,6032,4.097663551401869,11.4,53783435,12.642677999999998,0.11538461538461539,0.00011215349112603164,0.9389811007794501,0.21678321678321677,22.0,24.243257999999997,0.10139860139860138,10.6,11.600579999999999,15.805174510347541,2491.9,1820.506771365,0.00019560858721698327,0.6399999999999864,1.0859682416040073,0.2525623278653235,6544.929999999993,1135.396306822302,-9.032682241463279
258,2012,8065,4.143461538461539,13.6,54171475,12.642677999999998,0.11538461538461539,0.00014887909180985012,0.9197618488328037,0.21678321678321677,24.2,24.243257999999997,0.10139860139860138,10.6,11.600579999999999,16.278321466319497,2684.9,1900.300665125,0.00019560858721698327,9.0,1.0859682416040073,0.26450972891929814,5949.449999999997,1227.8336598952228,-8.728735543384243
258,2013,6256,4.126304347826087,13.6,54594744,12.656331,0.11538461538461539,0.00011458978541963673,0.9195631909181587,0.24125874125874128,29.799999999999997,23.888979,0.1258741258741259,16.199999999999996,11.232648,15.60904406334591,2785.1,1867.283873125,0.00011002983030955135,6.760000000000105,2.0268732844889996,0.253742140642192,7900.109999999986,1201.9622849534135,-8.990295375951119
258,2014,4796,4.132959677419355,13.6,55952365,12.656331,0.11538461538461539,8.571576911896397e-05,0.9188134228106355,0.24125874125874128,29.799999999999997,23.888979,0.1258741258741259,16.199999999999996,11.232648,16.21352271185159,2894.7999999999997,1918.4677824999999,0.00011002983030955135,6.760000000000105,2.0268732844889996,0.2750308624433462,8862.279999999999,1183.2947976653668,-9.279801546358243
258,2015,5316,4.4855100000000006,14.9,56412140,12.656331,0.11515151515151516,9.423503522468745e-05,0.9279170405519096,0.21785421785421788,31.4,23.983370999999998,0.10270270270270272,16.5,11.327039999999998,16.058470574723103,2988.0,1900.69445925,0.00015497293138570442,2.5600000000000023,1.7670145626810267,0.2722888129141352,9002.349999999991,1250.7219615171998,-9.19490557555054
258,2016,5447,4.54,16.5,56950757,12.656331,0.09268292682926829,9.564403156221436e-05,0.9300480413280547,0.195385629531971,33.0,23.983370999999998,0.10270270270270271,16.5,11.327039999999998,16.51743442405125,3143.1,1950.41653,0.00010039590855386027,0.0,1.7670145626810267,0.25890373148869816,8785.0,1239.33324326406,-9.182358225920133
